{"cameraMode":{"drawMode":0,"name":"Shaded","section":"Shading Mode"},"sceneLighting":false,"audioPlay":false,"sceneViewState":{"showFog":true,"showMaterialUpdate":true,"showSkybox":true,"showFlares":true,"showImageEffects":true,"showParticleSystems":true},"in2DMode":false,"pivot":{"x":-8.816024780273438,"y":0.6412980556488037,"z":13.9136962890625},"rotation":{"x":0.030467567965388299,"y":-0.28707587718963625,"z":0.009122107177972794,"w":0.9573976993560791},"size":17.251081466674806,"orthographic":false}