{"cameraMode":{"drawMode":0,"name":"Shaded","section":"Shading Mode"},"sceneLighting":false,"audioPlay":false,"sceneViewState":{"showFog":true,"showMaterialUpdate":true,"showSkybox":true,"showFlares":true,"showImageEffects":true,"showParticleSystems":true},"in2DMode":false,"pivot":{"x":8.198246955871582,"y":7.242860317230225,"z":10.639760971069336},"rotation":{"x":-0.07909321039915085,"y":0.020617298781871797,"z":0.0016209660097956658,"w":0.9966691732406616},"size":17.251081466674806,"orthographic":false}