{"cameraMode":{"drawMode":0,"name":"Shaded","section":"Shading Mode"},"sceneLighting":false,"audioPlay":false,"sceneViewState":{"showFog":true,"showMaterialUpdate":true,"showSkybox":true,"showFlares":true,"showImageEffects":true,"showParticleSystems":true},"in2DMode":false,"pivot":{"x":-6.731222152709961,"y":2.399495840072632,"z":15.260709762573243},"rotation":{"x":0.006107865367084742,"y":-0.2525525689125061,"z":0.0015798286767676473,"w":0.967580258846283},"size":17.251081466674806,"orthographic":false}